,design,n,mpnn,plddt,i_ptm,i_pae,rmsd,seq
0,0,0,1.1711270266542377,0.5570360422134399,0.09282606840133667,28.443764448165894,47.07282638549805,ASFSTFKCYYADSFVIRGDEVRQIAPGQTGKIADYNYKLPDDFTGCVIAWNSNNLDSKKGGNYNYLYRLFRKSKLKPFERDTSMEIYQAGNTPCNGVKGFNCYFPLQSYGFRPTYGVGYQPYRVVVLS/MTPEEIGEKRLEEVKKILEEEKKEAAKIAAIIDAALRAEAPKLTEEEKKKLVEEIAKGILKKKLLEGETNLEKLKEELEKFKEELLKKLEEMKEEALKAAAEAAKKAL
1,0,1,1.2104413718658034,0.6384459733963013,0.09238603711128235,28.040340960025787,47.870906829833984,ASFSTFKCYYADSFVIRGDEVRQIAPGQTGKIADYNYKLPDDFTGCVIAWNSNNLDSKKGGNYNYLYRLFRKSKLKPFERDTSMEIYQAGNTPCNGVKGFNCYFPLQSYGFRPTYGVGYQPYRVVVLS/MTPEEIGKLRLEKVKEILKKEKEEQKEILKIELKKLKEEAPSWTEEEIKKYAEEIVEGIIKKKKLEGETDMEKLEEEAKKFKEELLKLLEELRKEALEEKKKEEEEKK
2,1,0,1.2159707661006154,0.5567476749420166,0.10058165341615677,27.78174364566803,52.15464401245117,ASFSTFKCYYADSFVIRGDEVRQIAPGQTGKIADYNYKLPDDFTGCVIAWNSNNLDSKKGGNYNYLYRLFRKSKLKPFERDTSMEIYQAGNTPCNGVKGFNCYFPLQSYGFRPTYGVGYQPYRVVVLS/MTPEEIGELRLKEVQKKLAELAAEQAKILAILLAALRERAPEWTEEEVDALVAEVVEGVLKKALLEGETDLEKLKKELEKLAAALRALLAALRAEAEAARAAAEAAAK
3,1,1,1.185784732261222,0.7794572114944458,0.08689160645008087,27.534469306468964,44.33494186401367,ASFSTFKCYYADSFVIRGDEVRQIAPGQTGKIADYNYKLPDDFTGCVIAWNSNNLDSKKGGNYNYLYRLFRKSKLKPFERDTSMEIYQAGNTPCNGVKGFNCYFPLQSYGFRPTYGVGYQPYRVVVLS/MTPEEIGAKRLEEVKKILEELKKEQEKIRAIEDEALRKEAPKWTEEEVEARVELEAEGIREKRKLEGETDEEKLEKELEEYRKERLKRLEAMRAEALAELEAKAKAAE
4,2,0,1.1709979734920457,0.7037023305892944,0.09354293346405029,28.176752507686615,51.39263153076172,ASFSTFKCYYADSFVIRGDEVRQIAPGQTGKIADYNYKLPDDFTGCVIAWNSNNLDSKKGGNYNYLYRLFRKSKLKPFERDTSMEIYQAGNTPCNGVKGFNCYFPLQSYGFRPTYGVGYQPYRVVVLS/LTPEEIGELRLKKVKEELEKRKEEEKKIQEILDKALKEEAPKMTEEEKEKLVEEEVEGRLKKALLEGETNLEKLKKELEEYRKKLLEKLEKMKKEALKELEKEAKEKL
5,2,1,1.2027324535632657,0.6781100034713745,0.08944593369960785,27.871157824993134,40.20286178588867,ASFSTFKCYYADSFVIRGDEVRQIAPGQTGKIADYNYKLPDDFTGCVIAWNSNNLDSKKGGNYNYLYRLFRKSKLKPFERDTSMEIYQAGNTPCNGVKGFNCYFPLQSYGFRPTYGVGYQPYRVVVLS/MTPEEIGKKRLEEVKKILEKLKEEEKKIKEIEEAALKKEAPKWTDEEKEAYVKEEVEGIIEKAKLKGETNMEELKAKAKEYEKELLKKLEEMRKEALAELEAEKKAAE
6,3,0,1.2138975341542684,0.7074263095855713,0.08919964730739594,27.86429899930954,48.51686096191406,ASFSTFKCYYADSFVIRGDEVRQIAPGQTGKIADYNYKLPDDFTGCVIAWNSNNLDSKKGGNYNYLYRLFRKSKLKPFERDTSMEIYQAGNTPCNGVKGFNCYFPLQSYGFRPTYGVGYQPYRVVVLS/MTPEEIGAKRLEEVKKILAEREEEEKKRQAILDAAIREKAPEWTEEEIEAFVEEQVEGIIKKKKLKGEKDMEKLKAEAEKFREELLKKLEEMREQALAERKAEELAAL
7,3,1,1.176709571537365,0.6112352609634399,0.09956230968236923,27.797174155712128,47.070594787597656,ASFSTFKCYYADSFVIRGDEVRQIAPGQTGKIADYNYKLPDDFTGCVIAWNSNNLDSKKGGNYNYLYRLFRKSKLKPFERDTSMEIYQAGNTPCNGVKGFNCYFPLQSYGFRPTYGVGYQPYRVVVLS/MTPEEIGEERLKEVKKILEEMKKEEEKIRAKLRAALRAEAPKMTDEEVKALVELEVEGILKKRLLEGETDLEKLKKELEKYREERLKELEEMRAEALAALAAAAAAAA
8,4,0,1.1864478552512256,0.5638853311538696,0.09920112788677216,28.119980573654175,50.449729919433594,ASFSTFKCYYADSFVIRGDEVRQIAPGQTGKIADYNYKLPDDFTGCVIAWNSNNLDSKKGGNYNYLYRLFRKSKLKPFERDTSMEIYQAGNTPCNGVKGFNCYFPLQSYGFRPTYGVGYQPYRVVVLS/MTPEEIGKKRLEEVKKILAELKAEQAKIQAILDAALKKEAPKWTEEEKKALVEEEAKGILEKALKKGETDLKKLLEELEKYRKERLEKLEKMEEEALKELEEKKKAAL
9,4,1,1.2403117191553725,0.7305593490600586,0.09270741045475006,27.314964711666107,48.73297882080078,ASFSTFKCYYADSFVIRGDEVRQIAPGQTGKIADYNYKLPDDFTGCVIAWNSNNLDSKKGGNYNYLYRLFRKSKLKPFERDTSMEIYQAGNTPCNGVKGFNCYFPLQSYGFRPTYGVGYQPYRVVVLS/MTPEEIGAKRLAEVKALLAKEAAEQAKIAAIELAALRAEAPKLTDEEVEALVELEVEGIEKKRLLEGETDKEKLKAELKEYRKRRLALLAELRAEAEAELEAARLAAL
