,design,n,mpnn,plddt,ptm,pae,rmsd,seq
0,0,0,1.2682355645390044,0.822806179523468,0.6953352689743042,6.229170426726341,2.926445245742798,SEEKKKEEELKKLLEEFKKKAKKEMKELLEQQSEDTSLEQIEEQAKTFLDKFNHEAEDLFYQSLLKAGYSLKDWEKFKEELKKAKKELLEEAKKEAEKRQKEK/ASFSTFKCYYADSFVIRGDEVRQIAPGQTGKIADYNYKLPDDFTGCVIAWNSNNLDSKKGGNYNYLYRLFRKSKLKPFERDTSMEIYQAGNTPCNGVKGFNCYFPLQSYGFRPTYGVGYQPYRVVVLS
1,0,1,1.266308981208167,0.8340122699737549,0.715712308883667,6.100547581911087,3.028822660446167,MKEEELKKELEKLLEELKEEARKKMEELLESQPESTSLEQIEEQAKTFLDKFNHEAEDLFYQSLLEKGYSLEDWEKFKEKLKEKEKELLEEARKRAEERLKKK/ASFSTFKCYYADSFVIRGDEVRQIAPGQTGKIADYNYKLPDDFTGCVIAWNSNNLDSKKGGNYNYLYRLFRKSKLKPFERDTSMEIYQAGNTPCNGVKGFNCYFPLQSYGFRPTYGVGYQPYRVVVLS
2,1,0,1.3203590380240087,0.8031128644943237,0.6627143621444702,6.615005701780319,2.9088563919067383,AAAKELKEEKEKLLKETIEKAEKEMEKLLDSMPDSTSLEEIEEQAKTFLDKFNHEAEDLFYQSFLEKGYSREDWEEFLKKLEEEREKLLEKARKRHLERLKAK/ASFSTFKCYYADSFVIRGDEVRQIAPGQTGKIADYNYKLPDDFTGCVIAWNSNNLDSKKGGNYNYLYRLFRKSKLKPFERDTSMEIYQAGNTPCNGVKGFNCYFPLQSYGFRPTYGVGYQPYRVVVLS
3,1,1,1.2745255242371338,0.8239243626594543,0.7058491110801697,6.403977632522583,3.072721481323242,SMREELEKKKKELLEKLKKELEKKMEELMKSQSEDTSLEEIEEQAKTFLDKFNHEAEDLFYQSLLELGYSLEDWKEFKKELEEKNKELLEKVKEEAEKRKKEK/ASFSTFKCYYADSFVIRGDEVRQIAPGQTGKIADYNYKLPDDFTGCVIAWNSNNLDSKKGGNYNYLYRLFRKSKLKPFERDTSMEIYQAGNTPCNGVKGFNCYFPLQSYGFRPTYGVGYQPYRVVVLS
4,2,0,1.2314545249889763,0.8015732169151306,0.6844789981842041,6.77708426117897,2.9102535247802734,SMEEKKKKELEKLIEELKKKLEEEVEKLMESQPDSTSLEQIEEQAKTFLDKFNHEAEDLFYQSLLEAGYSLEDWEKAKEKLKEEKEKLLEKVKKKAEERKKKL/ASFSTFKCYYADSFVIRGDEVRQIAPGQTGKIADYNYKLPDDFTGCVIAWNSNNLDSKKGGNYNYLYRLFRKSKLKPFERDTSMEIYQAGNTPCNGVKGFNCYFPLQSYGFRPTYGVGYQPYRVVVLS
5,2,1,1.3444836218092093,0.8256535530090332,0.6899594068527222,6.109290182590485,2.9898877143859863,SMAEEKKKKLEELLEKLIKEKREEMEKLVESMPDSTSLEEIEEQAKTFLDKFNHEAEDLFYQSLLDLGFSLEDWEEFKKRLEEANKELLEEVRERALERKKAK/ASFSTFKCYYADSFVIRGDEVRQIAPGQTGKIADYNYKLPDDFTGCVIAWNSNNLDSKKGGNYNYLYRLFRKSKLKPFERDTSMEIYQAGNTPCNGVKGFNCYFPLQSYGFRPTYGVGYQPYRVVVLS
6,3,0,1.2343745462916094,0.837739109992981,0.7093578577041626,6.0110424011945724,3.034879684448242,AEEEKKKKQLEELIKELEEKLEKESKELLEKQPDSTTLEQIEEQAKTFLDKFNHEAEDLFYQSLLELGYSREDYEEALKRLEKKRKEVLEEVKKEAEKRKKAK/ASFSTFKCYYADSFVIRGDEVRQIAPGQTGKIADYNYKLPDDFTGCVIAWNSNNLDSKKGGNYNYLYRLFRKSKLKPFERDTSMEIYQAGNTPCNGVKGFNCYFPLQSYGFRPTYGVGYQPYRVVVLS
7,3,1,1.2116212152292758,0.8055438995361328,0.6809171438217163,6.807458400726318,2.9395735263824463,MEEEEKKKKLEELIKKLEEELEKKVEELLEQQPSTTTLEQIEEQAKTFLDKFNHEAEDLFYQSLLDLGYSLEDWKKVKEKLKKKKEELLKKVKEKAEKRKKEL/ASFSTFKCYYADSFVIRGDEVRQIAPGQTGKIADYNYKLPDDFTGCVIAWNSNNLDSKKGGNYNYLYRLFRKSKLKPFERDTSMEIYQAGNTPCNGVKGFNCYFPLQSYGFRPTYGVGYQPYRVVVLS
8,4,0,1.3281372756899712,0.8347820043563843,0.7219867706298828,5.933595597743988,2.9883947372436523,SEEKKKEEQFNKLLEELIKKRKKEMEELMKKQPETTTLEQIEEQAKTFLDKFNHEAEDLFYQSLLELGFDYSDWEKFKKKLEEANKELLEEVKKEAEKRLAEK/ASFSTFKCYYADSFVIRGDEVRQIAPGQTGKIADYNYKLPDDFTGCVIAWNSNNLDSKKGGNYNYLYRLFRKSKLKPFERDTSMEIYQAGNTPCNGVKGFNCYFPLQSYGFRPTYGVGYQPYRVVVLS
9,4,1,1.2304369398717336,0.8077484369277954,0.6811410188674927,6.571318566799164,2.9374661445617676,GAAEEKKKELEELLEKKEKELREKMKELMESMPDSTTLEQIEEQAKTFLDKFNHEAEDLFYQSLLEKGYSLEDWEKFKKRLEEKKKELLEEAKKLAKERLEKK/ASFSTFKCYYADSFVIRGDEVRQIAPGQTGKIADYNYKLPDDFTGCVIAWNSNNLDSKKGGNYNYLYRLFRKSKLKPFERDTSMEIYQAGNTPCNGVKGFNCYFPLQSYGFRPTYGVGYQPYRVVVLS
